"","X","X_UWI_DISPLAY","X_TD_TVD","PROD_DATE","GAS","WATER","OIL_BT","COND","CUM_GAS","CUM_OIL_BT","CUM_WATER","CUM_COND","TOTAL_FLUID","GAS_CAL_DAY","OIL_CAL_DAY","WATER_CAL_DAY","COND_CAL_DAY","TOTAL_FLUID_CAL_DAY","GAS_ACT_DAY","OIL_ACT_DAY","WATER_ACT_DAY","COND_ACT_DAY","TOTAL_FLUID_ACT_DAY"
"249296",249296,"02/08-07-085-18W6/0",1855,"1988-09-01",11.5,1,75.5,0,11.5,75.5,1,0,76.5,0.38,2.52,0.03,0,2.55,1.6,10.49,0.14,0,10.63
"249297",249297,"02/08-07-085-18W6/0",1855,"1988-10-01",10.4,5,146.7,0,21.9,222.2,6,0,151.7,0.34,4.73,0.16,0,4.89,3.85,54.33,1.85,0,56.19
"249298",249298,"02/08-07-085-18W6/0",1855,"1988-11-01",48.7,0,251.6,0,70.6,473.8,6,0,251.6,1.62,8.39,0,0,8.39,1.67,8.62,0,0,8.62
"249299",249299,"02/08-07-085-18W6/0",1855,"1988-12-01",51.4,0.7,266.4,0,122,740.2,6.7,0,267.1,1.66,8.59,0.02,0,8.62,1.77,9.19,0.02,0,9.21
"249300",249300,"02/08-07-085-18W6/0",1855,"1989-01-01",43,6.3,241.4,0,165,981.6,13,0,247.7,1.39,7.79,0.2,0,7.99,1.42,7.99,0.21,0,8.2
"249301",249301,"02/08-07-085-18W6/0",1855,"1989-02-01",47.3,6,206.8,0,212.3,1188.4,19,0,212.8,1.69,7.39,0.21,0,7.6,1.69,7.39,0.21,0,7.6
"249302",249302,"02/08-07-085-18W6/0",1855,"1989-03-01",49,0,230.7,0,261.3,1419.1,19,0,230.7,1.58,7.44,0,0,7.44,1.58,7.44,0,0,7.44
"249303",249303,"02/08-07-085-18W6/0",1855,"1989-04-01",38.3,0,179.5,0,299.6,1598.6,19,0,179.5,1.28,5.98,0,0,5.98,1.43,6.7,0,0,6.7
"249304",249304,"02/08-07-085-18W6/0",1855,"1989-05-01",37.8,2.3,149.7,0,337.4,1748.3,21.3,0,152,1.22,4.83,0.07,0,4.9,1.22,4.83,0.07,0,4.9
"249305",249305,"02/08-07-085-18W6/0",1855,"1989-06-01",57.6,0.5,162,0,395,1910.3,21.8,0,162.5,1.92,5.4,0.02,0,5.42,1.93,5.44,0.02,0,5.45
"249306",249306,"02/08-07-085-18W6/0",1855,"1989-07-01",38.7,0,146.6,0,433.7,2056.9,21.8,0,146.6,1.25,4.73,0,0,4.73,1.25,4.73,0,0,4.73
"249307",249307,"02/08-07-085-18W6/0",1855,"1989-08-01",52.1,0,128.6,0,485.8,2185.5,21.8,0,128.6,1.68,4.15,0,0,4.15,1.89,4.68,0,0,4.68
"249308",249308,"02/08-07-085-18W6/0",1855,"1989-09-01",42.3,0,18.1,0,528.1,2203.6,21.8,0,18.1,1.41,0.6,0,0,0.6,1.41,0.6,0,0,0.6
"249309",249309,"02/08-07-085-18W6/0",1855,"1989-10-01",47.1,0,42.5,0,575.2,2246.1,21.8,0,42.5,1.52,1.37,0,0,1.37,1.55,1.4,0,0,1.4
"249310",249310,"02/08-07-085-18W6/0",1855,"1989-11-01",46.6,0,70.3,0,621.8,2316.4,21.8,0,70.3,1.55,2.34,0,0,2.34,1.55,2.34,0,0,2.34
"249311",249311,"02/08-07-085-18W6/0",1855,"1989-12-01",62.4,0,80.8,0,684.2,2397.2,21.8,0,80.8,2.01,2.61,0,0,2.61,2.01,2.61,0,0,2.61
"249312",249312,"02/08-07-085-18W6/0",1855,"1990-01-01",63,0,171,0,747.2,2568.2,21.8,0,171,2.03,5.52,0,0,5.52,2.05,5.55,0,0,5.55
"249313",249313,"02/08-07-085-18W6/0",1855,"1990-02-01",55.9,0,171.9,0,803.1,2740.1,21.8,0,171.9,2,6.14,0,0,6.14,2,6.14,0,0,6.14
"249314",249314,"02/08-07-085-18W6/0",1855,"1990-03-01",60.6,0,146.1,0,863.7,2886.2,21.8,0,146.1,1.95,4.71,0,0,4.71,1.95,4.71,0,0,4.71
"249315",249315,"02/08-07-085-18W6/0",1855,"1990-04-01",57.2,0,121,0,920.9,3007.2,21.8,0,121,1.91,4.03,0,0,4.03,1.91,4.03,0,0,4.03
"249316",249316,"02/08-07-085-18W6/0",1855,"1990-05-01",52.3,0,148.8,0,973.2,3156,21.8,0,148.8,1.69,4.8,0,0,4.8,1.93,5.49,0,0,5.49
"249317",249317,"02/08-07-085-18W6/0",1855,"1990-06-01",57.8,0,159.1,0,1031,3315.1,21.8,0,159.1,1.93,5.3,0,0,5.3,2.03,5.58,0,0,5.58
"249318",249318,"02/08-07-085-18W6/0",1855,"1990-07-01",38.2,0,164.4,0,1069.2,3479.5,21.8,0,164.4,1.23,5.3,0,0,5.3,2.16,9.29,0,0,9.29
"249319",249319,"02/08-07-085-18W6/0",1855,"1990-08-01",44.5,0,203.5,0,1113.7,3683,21.8,0,203.5,1.44,6.56,0,0,6.56,2.09,9.55,0,0,9.55
"249320",249320,"02/08-07-085-18W6/0",1855,"1990-09-01",62.1,0,230.3,0,1175.8,3913.3,21.8,0,230.3,2.07,7.68,0,0,7.68,2.07,7.68,0,0,7.68
"249321",249321,"02/08-07-085-18W6/0",1855,"1990-10-01",86.9,0,256.3,0,1262.7,4169.6,21.8,0,256.3,2.8,8.27,0,0,8.27,2.8,8.27,0,0,8.27
"249322",249322,"02/08-07-085-18W6/0",1855,"1990-11-01",86.6,0,197.3,0,1349.3,4366.9,21.8,0,197.3,2.89,6.58,0,0,6.58,2.89,6.58,0,0,6.58
"249323",249323,"02/08-07-085-18W6/0",1855,"1990-12-01",96.4,0,282.5,0,1445.7,4649.4,21.8,0,282.5,3.11,9.11,0,0,9.11,3.13,9.17,0,0,9.17
"249324",249324,"02/08-07-085-18W6/0",1855,"1991-01-01",86.1,0,260.1,0,1531.8,4909.5,21.8,0,260.1,2.78,8.39,0,0,8.39,2.8,8.47,0,0,8.47
"249325",249325,"02/08-07-085-18W6/0",1855,"1991-02-01",75.4,0,211.1,0,1607.2,5120.6,21.8,0,211.1,2.69,7.54,0,0,7.54,2.69,7.54,0,0,7.54
"249326",249326,"02/08-07-085-18W6/0",1855,"1991-03-01",64.4,0,221.6,0,1671.6,5342.2,21.8,0,221.6,2.08,7.15,0,0,7.15,2.74,9.43,0,0,9.43
"249327",249327,"02/08-07-085-18W6/0",1855,"1991-04-01",100.3,0,290.1,0,1771.9,5632.3,21.8,0,290.1,3.34,9.67,0,0,9.67,3.34,9.67,0,0,9.67
"249328",249328,"02/08-07-085-18W6/0",1855,"1991-05-01",85.8,0,271.6,0,1857.7,5903.9,21.8,0,271.6,2.77,8.76,0,0,8.76,2.77,8.76,0,0,8.76
"249329",249329,"02/08-07-085-18W6/0",1855,"1991-06-01",70.5,0,246.5,0,1928.2,6150.4,21.8,0,246.5,2.35,8.22,0,0,8.22,2.35,8.22,0,0,8.22
"249330",249330,"02/08-07-085-18W6/0",1855,"1991-07-01",77.1,0,257.7,0,2005.3,6408.1,21.8,0,257.7,2.49,8.31,0,0,8.31,2.49,8.31,0,0,8.31
"249331",249331,"02/08-07-085-18W6/0",1855,"1991-08-01",47.5,0,148.7,0,2052.8,6556.8,21.8,0,148.7,1.53,4.8,0,0,4.8,2.61,8.17,0,0,8.17
"249332",249332,"02/08-07-085-18W6/0",1855,"1991-09-01",72.9,1.6,267.9,0,2125.7,6824.7,23.4,0,269.5,2.43,8.93,0.05,0,8.98,2.65,9.74,0.06,0,9.8
"249333",249333,"02/08-07-085-18W6/0",1855,"1991-10-01",83.3,0,276.8,0,2209,7101.5,23.4,0,276.8,2.69,8.93,0,0,8.93,2.69,8.93,0,0,8.93
"249334",249334,"02/08-07-085-18W6/0",1855,"1991-11-01",76.5,0,228.4,0,2285.5,7329.9,23.4,0,228.4,2.55,7.61,0,0,7.61,2.55,7.61,0,0,7.61
"249335",249335,"02/08-07-085-18W6/0",1855,"1991-12-01",80.5,0,214.8,0,2366,7544.7,23.4,0,214.8,2.6,6.93,0,0,6.93,2.6,6.93,0,0,6.93
"249336",249336,"02/08-07-085-18W6/0",1855,"1992-01-01",77.2,0,214.5,0,2443.2,7759.2,23.4,0,214.5,2.49,6.92,0,0,6.92,2.49,6.92,0,0,6.92
"249337",249337,"02/08-07-085-18W6/0",1855,"1992-02-01",69.9,0,214.2,0,2513.1,7973.4,23.4,0,214.2,2.41,7.39,0,0,7.39,2.41,7.39,0,0,7.39
"249338",249338,"02/08-07-085-18W6/0",1855,"1992-03-01",65.1,0,261.8,0,2578.2,8235.2,23.4,0,261.8,2.1,8.45,0,0,8.45,2.15,8.64,0,0,8.64
"249339",249339,"02/08-07-085-18W6/0",1855,"1992-04-01",76.8,0,238.8,0,2655,8474,23.4,0,238.8,2.56,7.96,0,0,7.96,2.56,7.96,0,0,7.96
"249340",249340,"02/08-07-085-18W6/0",1855,"1992-05-01",45.7,0,117.8,0,2700.7,8591.8,23.4,0,117.8,1.47,3.8,0,0,3.8,2.54,6.54,0,0,6.54
"249341",249341,"02/08-07-085-18W6/0",1855,"1992-06-01",24.4,0,136.8,0,2725.1,8728.6,23.4,0,136.8,0.81,4.56,0,0,4.56,1.72,9.63,0,0,9.63
"249342",249342,"02/08-07-085-18W6/0",1855,"1992-07-01",81,0,288.6,0,2806.1,9017.2,23.4,0,288.6,2.61,9.31,0,0,9.31,2.61,9.31,0,0,9.31
"249343",249343,"02/08-07-085-18W6/0",1855,"1992-08-01",81.2,0,243.5,0,2887.3,9260.7,23.4,0,243.5,2.62,7.85,0,0,7.85,2.62,7.85,0,0,7.85
"249344",249344,"02/08-07-085-18W6/0",1855,"1992-09-01",80.5,0,230.1,0,2967.8,9490.8,23.4,0,230.1,2.68,7.67,0,0,7.67,2.68,7.67,0,0,7.67
"249345",249345,"02/08-07-085-18W6/0",1855,"1992-10-01",79.1,0,225.7,0,3046.9,9716.5,23.4,0,225.7,2.55,7.28,0,0,7.28,2.55,7.28,0,0,7.28
"249346",249346,"02/08-07-085-18W6/0",1855,"1992-11-01",67.5,0,232.5,0,3114.4,9949,23.4,0,232.5,2.25,7.75,0,0,7.75,2.57,8.84,0,0,8.84
"249347",249347,"02/08-07-085-18W6/0",1855,"1992-12-01",90.3,0,239.2,0,3204.7,10188.2,23.4,0,239.2,2.91,7.72,0,0,7.72,2.91,7.72,0,0,7.72
"249348",249348,"02/08-07-085-18W6/0",1855,"1993-01-01",99.8,0,200.9,0,3304.5,10389.1,23.4,0,200.9,3.22,6.48,0,0,6.48,3.22,6.48,0,0,6.48
"249349",249349,"02/08-07-085-18W6/0",1855,"1993-02-01",88.2,0,198.2,0,3392.7,10587.3,23.4,0,198.2,3.15,7.08,0,0,7.08,3.15,7.08,0,0,7.08
"249350",249350,"02/08-07-085-18W6/0",1855,"1993-03-01",88.4,0,194,0,3481.1,10781.3,23.4,0,194,2.85,6.26,0,0,6.26,2.89,6.34,0,0,6.34
"249351",249351,"02/08-07-085-18W6/0",1855,"1993-04-01",82.4,0,207,0,3563.5,10988.3,23.4,0,207,2.75,6.9,0,0,6.9,2.79,7.02,0,0,7.02
"249352",249352,"02/08-07-085-18W6/0",1855,"1993-05-01",50.8,0,126.3,0,3614.3,11114.6,23.4,0,126.3,1.64,4.07,0,0,4.07,2.94,7.3,0,0,7.3
"249353",249353,"02/08-07-085-18W6/0",1855,"1993-06-01",37.1,0,138.6,0,3651.4,11253.2,23.4,0,138.6,1.24,4.62,0,0,4.62,2.06,7.7,0,0,7.7
"249354",249354,"02/08-07-085-18W6/0",1855,"1993-07-01",79.9,0,200.8,0,3731.3,11454,23.4,0,200.8,2.58,6.48,0,0,6.48,2.65,6.67,0,0,6.67
"249355",249355,"02/08-07-085-18W6/0",1855,"1993-08-01",87.8,0,218.5,0,3819.1,11672.5,23.4,0,218.5,2.83,7.05,0,0,7.05,2.83,7.05,0,0,7.05
"249356",249356,"02/08-07-085-18W6/0",1855,"1993-09-01",82.1,0,201,0,3901.2,11873.5,23.4,0,201,2.74,6.7,0,0,6.7,2.74,6.7,0,0,6.7
"249357",249357,"02/08-07-085-18W6/0",1855,"1993-10-01",64.3,0,137.5,0,3965.5,12011,23.4,0,137.5,2.07,4.44,0,0,4.44,2.94,6.28,0,0,6.28
"249358",249358,"02/08-07-085-18W6/0",1855,"1993-11-01",143.3,0,201.3,0,4108.8,12212.3,23.4,0,201.3,4.78,6.71,0,0,6.71,4.78,6.71,0,0,6.71
"249359",249359,"02/08-07-085-18W6/0",1855,"1993-12-01",109.4,0,199.7,0,4218.2,12412,23.4,0,199.7,3.53,6.44,0,0,6.44,3.53,6.44,0,0,6.44
"249360",249360,"02/08-07-085-18W6/0",1855,"1994-01-01",84.4,0,210.3,0,4302.6,12622.3,23.4,0,210.3,2.72,6.78,0,0,6.78,2.77,6.9,0,0,6.9
"249361",249361,"02/08-07-085-18W6/0",1855,"1994-02-01",91,0,236.3,0,4393.6,12858.6,23.4,0,236.3,3.25,8.44,0,0,8.44,3.33,8.66,0,0,8.66
"249362",249362,"02/08-07-085-18W6/0",1855,"1994-03-01",88.2,0,219.1,0,4481.8,13077.7,23.4,0,219.1,2.85,7.07,0,0,7.07,2.89,7.18,0,0,7.18
"249363",249363,"02/08-07-085-18W6/0",1855,"1994-04-01",65,0,189.2,0,4546.8,13266.9,23.4,0,189.2,2.17,6.31,0,0,6.31,2.18,6.35,0,0,6.35
"249364",249364,"02/08-07-085-18W6/0",1855,"1994-05-01",67.5,0,187.2,0,4614.3,13454.1,23.4,0,187.2,2.18,6.04,0,0,6.04,2.18,6.04,0,0,6.04
"249365",249365,"02/08-07-085-18W6/0",1855,"1994-06-01",64.7,0,171.9,0,4679,13626,23.4,0,171.9,2.16,5.73,0,0,5.73,2.26,6.01,0,0,6.01
"249366",249366,"02/08-07-085-18W6/0",1855,"1994-07-01",63.4,0,173.2,0,4742.4,13799.2,23.4,0,173.2,2.05,5.59,0,0,5.59,2.05,5.59,0,0,5.59
"249367",249367,"02/08-07-085-18W6/0",1855,"1994-08-01",71.3,0,167.6,0,4813.7,13966.8,23.4,0,167.6,2.3,5.41,0,0,5.41,2.48,5.82,0,0,5.82
"249368",249368,"02/08-07-085-18W6/0",1855,"1994-09-01",82.5,0,183.7,0,4896.2,14150.5,23.4,0,183.7,2.75,6.12,0,0,6.12,2.8,6.23,0,0,6.23
"249369",249369,"02/08-07-085-18W6/0",1855,"1994-10-01",69.9,0,171.3,0,4966.1,14321.8,23.4,0,171.3,2.25,5.53,0,0,5.53,2.25,5.53,0,0,5.53
"249370",249370,"02/08-07-085-18W6/0",1855,"1994-11-01",62.6,0.8,149.3,0,5028.7,14471.1,24.2,0,150.1,2.09,4.98,0.03,0,5,2.16,5.15,0.03,0,5.18
"249371",249371,"02/08-07-085-18W6/0",1855,"1994-12-01",71.1,0.1,173.9,0,5099.8,14645,24.3,0,174,2.29,5.61,0,0,5.61,2.33,5.7,0,0,5.7
"249372",249372,"02/08-07-085-18W6/0",1855,"1995-01-01",62.7,0,146.4,0,5162.5,14791.4,24.3,0,146.4,2.02,4.72,0,0,4.72,2.08,4.85,0,0,4.85
"249373",249373,"02/08-07-085-18W6/0",1855,"1995-02-01",56.8,0,110.7,0,5219.3,14902.1,24.3,0,110.7,2.03,3.95,0,0,3.95,2.03,3.95,0,0,3.95
"249374",249374,"02/08-07-085-18W6/0",1855,"1995-03-01",62.7,0,116.4,0,5282,15018.5,24.3,0,116.4,2.02,3.75,0,0,3.75,2.02,3.75,0,0,3.75
"249375",249375,"02/08-07-085-18W6/0",1855,"1995-04-01",61.3,0,129.6,0,5343.3,15148.1,24.3,0,129.6,2.04,4.32,0,0,4.32,2.04,4.32,0,0,4.32
"249376",249376,"02/08-07-085-18W6/0",1855,"1995-05-01",61.3,0,155.2,0,5404.6,15303.3,24.3,0,155.2,1.98,5.01,0,0,5.01,1.98,5.01,0,0,5.01
"249377",249377,"02/08-07-085-18W6/0",1855,"1995-06-01",61.4,0,134.5,0,5466,15437.8,24.3,0,134.5,2.05,4.48,0,0,4.48,2.05,4.48,0,0,4.48
"249378",249378,"02/08-07-085-18W6/0",1855,"1995-07-01",68.8,0,159.5,0,5534.8,15597.3,24.3,0,159.5,2.22,5.15,0,0,5.15,2.22,5.15,0,0,5.15
"249379",249379,"02/08-07-085-18W6/0",1855,"1995-08-01",35.4,0,67.1,0,5570.2,15664.4,24.3,0,67.1,1.14,2.16,0,0,2.16,2.05,3.88,0,0,3.88
"249380",249380,"02/08-07-085-18W6/0",1855,"1995-09-01",58.8,0,94.6,0,5629,15759,24.3,0,94.6,1.96,3.15,0,0,3.15,1.96,3.15,0,0,3.15
"249381",249381,"02/08-07-085-18W6/0",1855,"1995-10-01",63.7,0,157.1,0,5692.7,15916.1,24.3,0,157.1,2.05,5.07,0,0,5.07,2.15,5.31,0,0,5.31
"249382",249382,"02/08-07-085-18W6/0",1855,"1995-11-01",70.9,0,160.4,0,5763.6,16076.5,24.3,0,160.4,2.36,5.35,0,0,5.35,2.4,5.42,0,0,5.42
"249383",249383,"02/08-07-085-18W6/0",1855,"1995-12-01",63.9,0,171.3,0,5827.5,16247.8,24.3,0,171.3,2.06,5.53,0,0,5.53,2.08,5.58,0,0,5.58
"249384",249384,"02/08-07-085-18W6/0",1855,"1996-01-01",64.1,0,140,0,5891.6,16387.8,24.3,0,140,2.07,4.52,0,0,4.52,2.14,4.67,0,0,4.67
"249385",249385,"02/08-07-085-18W6/0",1855,"1996-02-01",58,0,89.1,0,5949.6,16476.9,24.3,0,89.1,2,3.07,0,0,3.07,2,3.07,0,0,3.07
"249386",249386,"02/08-07-085-18W6/0",1855,"1996-03-01",48.4,0,71.3,0,5998,16548.2,24.3,0,71.3,1.56,2.3,0,0,2.3,2.02,2.97,0,0,2.97
"249387",249387,"02/08-07-085-18W6/0",1855,"1996-04-01",78.1,0,87.4,0,6076.1,16635.6,24.3,0,87.4,2.6,2.91,0,0,2.91,2.6,2.91,0,0,2.91
"249388",249388,"02/08-07-085-18W6/0",1855,"1996-05-01",80.2,0,61.4,0,6156.3,16697,24.3,0,61.4,2.59,1.98,0,0,1.98,3.17,2.43,0,0,2.43
"249389",249389,"02/08-07-085-18W6/0",1855,"1996-06-01",45.9,0,28.6,0,6202.2,16725.6,24.3,0,28.6,1.53,0.95,0,0,0.95,2.91,1.81,0,0,1.81
"249390",249390,"02/08-07-085-18W6/0",1855,"1996-07-01",87.8,0,131.1,0,6290,16856.7,24.3,0,131.1,2.83,4.23,0,0,4.23,2.83,4.23,0,0,4.23
"249391",249391,"02/08-07-085-18W6/0",1855,"1996-08-01",65.5,0,126.2,0,6355.5,16982.9,24.3,0,126.2,2.11,4.07,0,0,4.07,2.42,4.66,0,0,4.66
"249392",249392,"02/08-07-085-18W6/0",1855,"1996-09-01",68.4,0,145.4,0,6423.9,17128.3,24.3,0,145.4,2.28,4.85,0,0,4.85,2.44,5.19,0,0,5.19
"249393",249393,"02/08-07-085-18W6/0",1855,"1996-10-01",78.4,0.3,153,0,6502.3,17281.3,24.6,0,153.3,2.53,4.94,0.01,0,4.95,2.53,4.94,0.01,0,4.95
"249394",249394,"02/08-07-085-18W6/0",1855,"1996-11-01",72.6,0.5,124.4,0,6574.9,17405.7,25.1,0,124.9,2.42,4.15,0.02,0,4.16,2.42,4.15,0.02,0,4.16
"249395",249395,"02/08-07-085-18W6/0",1855,"1996-12-01",75.6,0.1,74.6,0,6650.5,17480.3,25.2,0,74.7,2.44,2.41,0,0,2.41,2.5,2.46,0,0,2.47
"249396",249396,"02/08-07-085-18W6/0",1855,"1997-01-01",70.4,0.1,127.4,0,6720.9,17607.7,25.3,0,127.5,2.27,4.11,0,0,4.11,2.27,4.11,0,0,4.11
"249397",249397,"02/08-07-085-18W6/0",1855,"1997-02-01",32.6,0,31.7,0,6753.5,17639.4,25.3,0,31.7,1.16,1.13,0,0,1.13,1.31,1.27,0,0,1.27
"249398",249398,"02/08-07-085-18W6/0",1855,"1997-03-01",62.2,0.1,47.1,0,6815.7,17686.5,25.4,0,47.2,2.01,1.52,0,0,1.52,2.01,1.52,0,0,1.52
"249399",249399,"02/08-07-085-18W6/0",1855,"1997-04-01",58.2,0.5,90.4,0,6873.9,17776.9,25.9,0,90.9,1.94,3.01,0.02,0,3.03,2.01,3.12,0.02,0,3.13
"249400",249400,"02/08-07-085-18W6/0",1855,"1997-05-01",56,0.4,107.8,0,6929.9,17884.7,26.3,0,108.2,1.81,3.48,0.01,0,3.49,1.81,3.48,0.01,0,3.49
"249401",249401,"02/08-07-085-18W6/0",1855,"1997-06-01",65.1,0.8,110.4,0,6995,17995.1,27.1,0,111.2,2.17,3.68,0.03,0,3.71,2.21,3.74,0.03,0,3.77
"249402",249402,"02/08-07-085-18W6/0",1855,"1997-07-01",54.8,0.2,78.5,0,7049.8,18073.6,27.3,0,78.7,1.77,2.53,0.01,0,2.54,2.05,2.94,0.01,0,2.95
"249403",249403,"02/08-07-085-18W6/0",1855,"1997-08-01",58.7,0.4,79.1,0,7108.5,18152.7,27.7,0,79.5,1.89,2.55,0.01,0,2.56,1.89,2.55,0.01,0,2.56
"249404",249404,"02/08-07-085-18W6/0",1855,"1997-09-01",58.8,0.4,89,0,7167.3,18241.7,28.1,0,89.4,1.96,2.97,0.01,0,2.98,1.96,2.97,0.01,0,2.98
"249405",249405,"02/08-07-085-18W6/0",1855,"1997-10-01",58.7,0.3,112.2,0,7226,18353.9,28.4,0,112.5,1.89,3.62,0.01,0,3.63,1.89,3.62,0.01,0,3.63
"249406",249406,"02/08-07-085-18W6/0",1855,"1997-11-01",50.6,0.3,121.7,0,7276.6,18475.6,28.7,0,122,1.69,4.06,0.01,0,4.07,1.69,4.06,0.01,0,4.07
"249407",249407,"02/08-07-085-18W6/0",1855,"1997-12-01",54,0.4,104.8,0,7330.6,18580.4,29.1,0,105.2,1.74,3.38,0.01,0,3.39,1.86,3.61,0.01,0,3.63
"249408",249408,"02/08-07-085-18W6/0",1855,"1998-01-01",41.7,0.4,77.8,0,7372.3,18658.2,29.5,0,78.2,1.35,2.51,0.01,0,2.52,1.97,3.67,0.02,0,3.69
"249409",249409,"02/08-07-085-18W6/0",1855,"1998-02-01",61.5,0.6,115.2,0,7433.8,18773.4,30.1,0,115.8,2.2,4.11,0.02,0,4.14,2.2,4.11,0.02,0,4.14
"249410",249410,"02/08-07-085-18W6/0",1855,"1998-03-01",49.8,0,78.3,0,7483.6,18851.7,30.1,0,78.3,1.61,2.53,0,0,2.53,2.57,4.04,0,0,4.04
"249411",249411,"02/08-07-085-18W6/0",1855,"1998-04-01",76.3,0,88.2,0,7559.9,18939.9,30.1,0,88.2,2.54,2.94,0,0,2.94,3.35,3.87,0,0,3.87
"249412",249412,"02/08-07-085-18W6/0",1855,"1998-05-01",70.2,0,102.4,0,7630.1,19042.3,30.1,0,102.4,2.26,3.3,0,0,3.3,2.47,3.61,0,0,3.61
"249413",249413,"02/08-07-085-18W6/0",1855,"1998-06-01",64.1,0,125.6,0,7694.2,19167.9,30.1,0,125.6,2.14,4.19,0,0,4.19,2.23,4.36,0,0,4.36
"249414",249414,"02/08-07-085-18W6/0",1855,"1998-07-01",75.8,0,118.4,0,7770,19286.3,30.1,0,118.4,2.45,3.82,0,0,3.82,2.45,3.82,0,0,3.82
"249415",249415,"02/08-07-085-18W6/0",1855,"1998-08-01",69,0,115.7,0,7839,19402,30.1,0,115.7,2.23,3.73,0,0,3.73,2.25,3.77,0,0,3.77
"249416",249416,"02/08-07-085-18W6/0",1855,"1998-09-01",54.6,0,114.6,0,7893.6,19516.6,30.1,0,114.6,1.82,3.82,0,0,3.82,1.9,3.98,0,0,3.98
"249417",249417,"02/08-07-085-18W6/0",1855,"1998-10-01",67.3,0.3,137.9,0,7960.9,19654.5,30.4,0,138.2,2.17,4.45,0.01,0,4.46,2.19,4.48,0.01,0,4.49
"249418",249418,"02/08-07-085-18W6/0",1855,"1998-11-01",62.8,0.1,109.2,0,8023.7,19763.7,30.5,0,109.3,2.09,3.64,0,0,3.64,2.16,3.75,0,0,3.76
"249419",249419,"02/08-07-085-18W6/0",1855,"1998-12-01",53.3,0,98.2,0,8077,19861.9,30.5,0,98.2,1.72,3.17,0,0,3.17,1.93,3.56,0,0,3.56
"249420",249420,"02/08-07-085-18W6/0",1855,"1999-01-01",66.1,0,100.2,0,8143.1,19962.1,30.5,0,100.2,2.13,3.23,0,0,3.23,2.33,3.53,0,0,3.53
"249421",249421,"02/08-07-085-18W6/0",1855,"1999-02-01",66.6,0,100.2,0,8209.7,20062.3,30.5,0,100.2,2.38,3.58,0,0,3.58,2.49,3.74,0,0,3.74
"249422",249422,"02/08-07-085-18W6/0",1855,"1999-03-01",70.8,0,134.9,0,8280.5,20197.2,30.5,0,134.9,2.28,4.35,0,0,4.35,2.28,4.35,0,0,4.35
"249423",249423,"02/08-07-085-18W6/0",1855,"1999-04-01",66.7,0,123.2,0,8347.2,20320.4,30.5,0,123.2,2.22,4.11,0,0,4.11,2.22,4.11,0,0,4.11
"249424",249424,"02/08-07-085-18W6/0",1855,"1999-05-01",66.2,0.4,131.4,0,8413.4,20451.8,30.9,0,131.8,2.14,4.24,0.01,0,4.25,2.14,4.24,0.01,0,4.25
"249425",249425,"02/08-07-085-18W6/0",1855,"1999-06-01",65.8,0.5,131,0,8479.2,20582.8,31.4,0,131.5,2.19,4.37,0.02,0,4.38,2.19,4.37,0.02,0,4.38
"249426",249426,"02/08-07-085-18W6/0",1855,"1999-07-01",71.1,0.6,120.3,0,8550.3,20703.1,32,0,120.9,2.29,3.88,0.02,0,3.9,2.33,3.94,0.02,0,3.96
"249427",249427,"02/08-07-085-18W6/0",1855,"1999-08-01",46.4,0.7,64.1,0,8596.7,20767.2,32.7,0,64.8,1.5,2.07,0.02,0,2.09,2.58,3.56,0.04,0,3.6
"249428",249428,"02/08-07-085-18W6/0",1855,"1999-09-01",59.9,0.9,121.9,0,8656.6,20889.1,33.6,0,122.8,2,4.06,0.03,0,4.09,2,4.06,0.03,0,4.09
"249429",249429,"02/08-07-085-18W6/0",1855,"1999-10-01",29.9,1.4,133.7,0,8686.5,21022.8,35,0,135.1,0.96,4.31,0.05,0,4.36,0.98,4.38,0.05,0,4.43
"249430",249430,"02/08-07-085-18W6/0",1855,"1999-11-01",83,0.9,95.6,0,8769.5,21118.4,35.9,0,96.5,2.77,3.19,0.03,0,3.22,2.77,3.19,0.03,0,3.22
"249431",249431,"02/08-07-085-18W6/0",1855,"1999-12-01",77.9,0.4,97.3,0,8847.4,21215.7,36.3,0,97.7,2.51,3.14,0.01,0,3.15,2.55,3.18,0.01,0,3.19
"249432",249432,"02/08-07-085-18W6/0",1855,"2000-01-01",84.2,0.9,95.6,0,8931.6,21311.3,37.2,0,96.5,2.72,3.08,0.03,0,3.11,2.72,3.08,0.03,0,3.11
"249433",249433,"02/08-07-085-18W6/0",1855,"2000-02-01",91.8,0.7,82,0,9023.4,21393.3,37.9,0,82.7,3.17,2.83,0.02,0,2.85,3.28,2.93,0.03,0,2.95
"249434",249434,"02/08-07-085-18W6/0",1855,"2000-03-01",17.1,0.2,18.2,0,9040.5,21411.5,38.1,0,18.4,0.55,0.59,0.01,0,0.59,2.63,2.8,0.03,0,2.83
"249435",249435,"02/08-07-085-18W6/0",1855,"2000-04-01",91.1,1.8,94.2,0,9131.6,21505.7,39.9,0,96,3.04,3.14,0.06,0,3.2,3.11,3.22,0.06,0,3.28
"249436",249436,"02/08-07-085-18W6/0",1855,"2000-05-01",103.9,1.3,86.7,0,9235.5,21592.4,41.2,0,88,3.35,2.8,0.04,0,2.84,3.41,2.84,0.04,0,2.89
"249437",249437,"02/08-07-085-18W6/0",1855,"2000-06-01",83.2,1.6,117.2,0,9318.7,21709.6,42.8,0,118.8,2.77,3.91,0.05,0,3.96,2.91,4.1,0.06,0,4.15
"249438",249438,"02/08-07-085-18W6/0",1855,"2000-07-01",81.1,1.6,120.5,0,9399.8,21830.1,44.4,0,122.1,2.62,3.89,0.05,0,3.94,2.62,3.89,0.05,0,3.94
"249439",249439,"02/08-07-085-18W6/0",1855,"2000-08-01",78.9,2.2,123.6,0,9478.7,21953.7,46.6,0,125.8,2.55,3.99,0.07,0,4.06,2.55,3.99,0.07,0,4.06
"249440",249440,"02/08-07-085-18W6/0",1855,"2000-09-01",77.9,2,121.6,0,9556.6,22075.3,48.6,0,123.6,2.6,4.05,0.07,0,4.12,2.6,4.05,0.07,0,4.12
"249441",249441,"02/08-07-085-18W6/0",1855,"2000-10-01",84.4,1.7,120.7,0,9641,22196,50.3,0,122.4,2.72,3.89,0.05,0,3.95,2.72,3.89,0.05,0,3.95
"249442",249442,"02/08-07-085-18W6/0",1855,"2000-11-01",67.3,1.1,114.1,0,9708.3,22310.1,51.4,0,115.2,2.24,3.8,0.04,0,3.84,2.27,3.84,0.04,0,3.88
"249443",249443,"02/08-07-085-18W6/0",1855,"2000-12-01",36.1,0.8,113,0,9744.4,22423.1,52.2,0,113.8,1.16,3.65,0.03,0,3.67,1.22,3.8,0.03,0,3.83
"249444",249444,"02/08-07-085-18W6/0",1855,"2001-01-01",47.7,1,128.6,0,9792.1,22551.7,53.2,0,129.6,1.54,4.15,0.03,0,4.18,1.54,4.15,0.03,0,4.18
"249445",249445,"02/08-07-085-18W6/0",1855,"2001-02-01",55.6,1.8,117.3,0,9847.7,22669,55,0,119.1,1.99,4.19,0.06,0,4.25,2.11,4.46,0.07,0,4.53
"249446",249446,"02/08-07-085-18W6/0",1855,"2001-03-01",85.8,3.7,130.1,0,9933.5,22799.1,58.7,0,133.8,2.77,4.2,0.12,0,4.32,2.82,4.28,0.12,0,4.4
"249447",249447,"02/08-07-085-18W6/0",1855,"2001-04-01",86.1,1.3,122.7,0,10019.6,22921.8,60,0,124,2.87,4.09,0.04,0,4.13,2.92,4.16,0.04,0,4.2
"249448",249448,"02/08-07-085-18W6/0",1855,"2001-05-01",92.4,1.3,123.5,0,10112,23045.3,61.3,0,124.8,2.98,3.98,0.04,0,4.03,2.98,3.98,0.04,0,4.03
"249449",249449,"02/08-07-085-18W6/0",1855,"2001-06-01",83.5,3.3,97.3,0,10195.5,23142.6,64.6,0,100.6,2.78,3.24,0.11,0,3.35,2.78,3.24,0.11,0,3.35
"249450",249450,"02/08-07-085-18W6/0",1855,"2001-07-01",81.9,4.2,103.5,0,10277.4,23246.1,68.8,0,107.7,2.64,3.34,0.14,0,3.47,2.64,3.34,0.14,0,3.47
"249451",249451,"02/08-07-085-18W6/0",1855,"2001-08-01",116.3,0.4,104,0,10393.7,23350.1,69.2,0,104.4,3.75,3.35,0.01,0,3.37,3.75,3.35,0.01,0,3.37
"249452",249452,"02/08-07-085-18W6/0",1855,"2001-09-01",97.1,0,112,0,10490.8,23462.1,69.2,0,112,3.24,3.73,0,0,3.73,3.24,3.73,0,0,3.73
"249453",249453,"02/08-07-085-18W6/0",1855,"2001-10-01",84.2,1.4,101.7,0,10575,23563.8,70.6,0,103.1,2.72,3.28,0.05,0,3.33,2.72,3.28,0.05,0,3.33
"249454",249454,"02/08-07-085-18W6/0",1855,"2001-11-01",68.7,0.5,86.8,0,10643.7,23650.6,71.1,0,87.3,2.29,2.89,0.02,0,2.91,2.29,2.89,0.02,0,2.91
"249455",249455,"02/08-07-085-18W6/0",1855,"2001-12-01",77.8,0,96.1,0,10721.5,23746.7,71.1,0,96.1,2.51,3.1,0,0,3.1,2.51,3.1,0,0,3.1
"249456",249456,"02/08-07-085-18W6/0",1855,"2002-01-01",58.3,0.2,71.2,0,10779.8,23817.9,71.3,0,71.4,1.88,2.3,0.01,0,2.3,2.16,2.64,0.01,0,2.64
"249457",249457,"02/08-07-085-18W6/0",1855,"2002-02-01",49.4,0.4,61,0,10829.2,23878.9,71.7,0,61.4,1.76,2.18,0.01,0,2.19,1.76,2.18,0.01,0,2.19
"249458",249458,"02/08-07-085-18W6/0",1855,"2002-03-01",25.3,1.5,84.1,0,10854.5,23963,73.2,0,85.6,0.82,2.71,0.05,0,2.76,0.82,2.71,0.05,0,2.76
"249459",249459,"02/08-07-085-18W6/0",1855,"2002-04-01",14.4,1.5,85.8,0,10868.9,24048.8,74.7,0,87.3,0.48,2.86,0.05,0,2.91,0.48,2.86,0.05,0,2.91
"249460",249460,"02/08-07-085-18W6/0",1855,"2002-05-01",30.8,0,90.6,0,10899.7,24139.4,74.7,0,90.6,0.99,2.92,0,0,2.92,0.99,2.92,0,0,2.92
"249461",249461,"02/08-07-085-18W6/0",1855,"2002-06-01",84,0,96.1,0,10983.7,24235.5,74.7,0,96.1,2.8,3.2,0,0,3.2,2.8,3.2,0,0,3.2
"249462",249462,"02/08-07-085-18W6/0",1855,"2002-07-01",78.2,1.4,70.2,0,11061.9,24305.7,76.1,0,71.6,2.52,2.26,0.05,0,2.31,2.56,2.3,0.05,0,2.35
"249463",249463,"02/08-07-085-18W6/0",1855,"2002-08-01",48.2,2,37,0,11110.1,24342.7,78.1,0,39,1.55,1.19,0.06,0,1.26,2.84,2.18,0.12,0,2.29
"249464",249464,"02/08-07-085-18W6/0",1855,"2002-09-01",90.7,1.3,82.3,0,11200.8,24425,79.4,0,83.6,3.02,2.74,0.04,0,2.79,3.02,2.74,0.04,0,2.79
"249465",249465,"02/08-07-085-18W6/0",1855,"2002-10-01",84.6,0.3,79.5,0,11285.4,24504.5,79.7,0,79.8,2.73,2.56,0.01,0,2.57,2.82,2.65,0.01,0,2.66
"249466",249466,"02/08-07-085-18W6/0",1855,"2002-11-01",73.6,0.8,76.4,0,11359,24580.9,80.5,0,77.2,2.45,2.55,0.03,0,2.57,2.45,2.55,0.03,0,2.57
"249467",249467,"02/08-07-085-18W6/0",1855,"2002-12-01",82.4,1.7,98.5,0,11441.4,24679.4,82.2,0,100.2,2.66,3.18,0.05,0,3.23,2.66,3.18,0.05,0,3.23
"249468",249468,"02/08-07-085-18W6/0",1855,"2003-01-01",75.9,1.8,123.4,0,11517.3,24802.8,84,0,125.2,2.45,3.98,0.06,0,4.04,2.45,3.98,0.06,0,4.04
"249469",249469,"02/08-07-085-18W6/0",1855,"2003-02-01",60.5,0.5,111.1,0,11577.8,24913.9,84.5,0,111.6,2.16,3.97,0.02,0,3.99,2.55,4.69,0.02,0,4.71
"249470",249470,"02/08-07-085-18W6/0",1855,"2003-03-01",13.1,0.1,23.7,0,11590.9,24937.6,84.6,0,23.8,0.42,0.76,0,0,0.77,2.3,4.16,0.02,0,4.18
"249471",249471,"02/08-07-085-18W6/0",1855,"2003-04-01",62.6,0.3,80.6,0,11653.5,25018.2,84.9,0,80.9,2.09,2.69,0.01,0,2.7,2.41,3.1,0.01,0,3.11
"249472",249472,"02/08-07-085-18W6/0",1855,"2003-05-01",81.2,0.2,80,0,11734.7,25098.2,85.1,0,80.2,2.62,2.58,0.01,0,2.59,2.62,2.58,0.01,0,2.59
"249473",249473,"02/08-07-085-18W6/0",1855,"2003-06-01",53.8,0,61.9,0,11788.5,25160.1,85.1,0,61.9,1.79,2.06,0,0,2.06,1.79,2.06,0,0,2.06
"249474",249474,"02/08-07-085-18W6/0",1855,"2003-07-01",75.4,0.1,55.2,0,11863.9,25215.3,85.2,0,55.3,2.43,1.78,0,0,1.78,2.43,1.78,0,0,1.78
"249475",249475,"02/08-07-085-18W6/0",1855,"2003-08-01",78.7,0.9,99.3,0,11942.6,25314.6,86.1,0,100.2,2.54,3.2,0.03,0,3.23,2.54,3.2,0.03,0,3.23
"249476",249476,"02/08-07-085-18W6/0",1855,"2003-09-01",65.8,1.2,88.5,0,12008.4,25403.1,87.3,0,89.7,2.19,2.95,0.04,0,2.99,2.19,2.95,0.04,0,2.99
"249477",249477,"02/08-07-085-18W6/0",1855,"2003-10-01",72,0.6,86.4,0,12080.4,25489.5,87.9,0,87,2.32,2.79,0.02,0,2.81,2.32,2.79,0.02,0,2.81
"249478",249478,"02/08-07-085-18W6/0",1855,"2003-11-01",64.8,0.4,77.3,0,12145.2,25566.8,88.3,0,77.7,2.16,2.58,0.01,0,2.59,2.16,2.58,0.01,0,2.59
"249479",249479,"02/08-07-085-18W6/0",1855,"2003-12-01",64.9,0.3,77.4,0,12210.1,25644.2,88.6,0,77.7,2.09,2.5,0.01,0,2.51,2.13,2.54,0.01,0,2.55
"249480",249480,"02/08-07-085-18W6/0",1855,"2004-01-01",63.4,0.3,71.1,0,12273.5,25715.3,88.9,0,71.4,2.05,2.29,0.01,0,2.3,2.13,2.39,0.01,0,2.4
"249481",249481,"02/08-07-085-18W6/0",1855,"2004-02-01",60.4,0.3,70.8,0,12333.9,25786.1,89.2,0,71.1,2.08,2.44,0.01,0,2.45,2.08,2.44,0.01,0,2.45
"249482",249482,"02/08-07-085-18W6/0",1855,"2004-03-01",55.3,0.9,56.8,0,12389.2,25842.9,90.1,0,57.7,1.78,1.83,0.03,0,1.86,1.96,2.01,0.03,0,2.05
"249483",249483,"02/08-07-085-18W6/0",1855,"2004-04-01",38.6,2,57.5,0,12427.8,25900.4,92.1,0,59.5,1.29,1.92,0.07,0,1.98,1.56,2.33,0.08,0,2.41
"249484",249484,"02/08-07-085-18W6/0",1855,"2004-05-01",56.6,1.4,18.6,0,12484.4,25919,93.5,0,20,1.83,0.6,0.05,0,0.65,1.83,0.6,0.05,0,0.65
"249485",249485,"02/08-07-085-18W6/0",1855,"2004-06-01",55.4,1.5,15.3,0,12539.8,25934.3,95,0,16.8,1.85,0.51,0.05,0,0.56,1.85,0.51,0.05,0,0.56
"249486",249486,"02/08-07-085-18W6/0",1855,"2004-07-01",30.9,1.3,13.1,0,12570.7,25947.4,96.3,0,14.4,1,0.42,0.04,0,0.46,1,0.42,0.04,0,0.46
"249487",249487,"02/08-07-085-18W6/0",1855,"2004-08-01",70.3,1,20.2,0,12641,25967.6,97.3,0,21.2,2.27,0.65,0.03,0,0.68,2.28,0.66,0.03,0,0.69
"249488",249488,"02/08-07-085-18W6/0",1855,"2004-09-01",60.1,1.5,41.2,0,12701.1,26008.8,98.8,0,42.7,2,1.37,0.05,0,1.42,2.12,1.45,0.05,0,1.5
"249489",249489,"02/08-07-085-18W6/0",1855,"2004-10-01",60.9,2.8,56.7,0,12762,26065.5,101.6,0,59.5,1.96,1.83,0.09,0,1.92,1.96,1.83,0.09,0,1.92
"249490",249490,"02/08-07-085-18W6/0",1855,"2004-11-01",48.5,1.3,33,0,12810.5,26098.5,102.9,0,34.3,1.62,1.1,0.04,0,1.14,2.05,1.39,0.05,0,1.45
"249491",249491,"02/08-07-085-18W6/0",1855,"2004-12-01",66.7,1.6,63.9,0,12877.2,26162.4,104.5,0,65.5,2.15,2.06,0.05,0,2.11,2.15,2.06,0.05,0,2.11
"249492",249492,"02/08-07-085-18W6/0",1855,"2005-01-01",73.1,1.9,78.9,0,12950.3,26241.3,106.4,0,80.8,2.36,2.55,0.06,0,2.61,2.36,2.55,0.06,0,2.61
"249493",249493,"02/08-07-085-18W6/0",1855,"2005-02-01",59.4,1.7,53.6,0,13009.7,26294.9,108.1,0,55.3,2.12,1.91,0.06,0,1.98,2.18,1.96,0.06,0,2.03
"249494",249494,"02/08-07-085-18W6/0",1855,"2005-03-01",64,1.4,58.8,0,13073.7,26353.7,109.5,0,60.2,2.06,1.9,0.05,0,1.94,2.26,2.08,0.05,0,2.13
"249495",249495,"02/08-07-085-18W6/0",1855,"2005-04-01",68.6,1,57.6,0,13142.3,26411.3,110.5,0,58.6,2.29,1.92,0.03,0,1.95,2.34,1.97,0.03,0,2
"249496",249496,"02/08-07-085-18W6/0",1855,"2005-05-01",74,0.5,60,0,13216.3,26471.3,111,0,60.5,2.39,1.94,0.02,0,1.95,2.39,1.94,0.02,0,1.95
"249497",249497,"02/08-07-085-18W6/0",1855,"2005-06-01",40.6,0,44,0,13256.9,26515.3,111,0,44,1.35,1.47,0,0,1.47,2.04,2.21,0,0,2.21
"249498",249498,"02/08-07-085-18W6/0",1855,"2005-07-01",38,0.6,58.6,0,13294.9,26573.9,111.6,0,59.2,1.23,1.89,0.02,0,1.91,1.9,2.93,0.03,0,2.96
"249499",249499,"02/08-07-085-18W6/0",1855,"2005-08-01",75.4,1.5,75.6,0,13370.3,26649.5,113.1,0,77.1,2.43,2.44,0.05,0,2.49,2.43,2.44,0.05,0,2.49
"249500",249500,"02/08-07-085-18W6/0",1855,"2005-09-01",66.5,0.4,74.6,0,13436.8,26724.1,113.5,0,75,2.22,2.49,0.01,0,2.5,2.22,2.49,0.01,0,2.5
"249501",249501,"02/08-07-085-18W6/0",1855,"2005-10-01",70.9,0.4,82.8,0,13507.7,26806.9,113.9,0,83.2,2.29,2.67,0.01,0,2.68,2.29,2.67,0.01,0,2.68
"249502",249502,"02/08-07-085-18W6/0",1855,"2005-11-01",79.4,0.1,80.7,0,13587.1,26887.6,114,0,80.8,2.65,2.69,0,0,2.69,2.65,2.69,0,0,2.69
"249503",249503,"02/08-07-085-18W6/0",1855,"2005-12-01",23.5,0.6,106.4,0,13610.6,26994,114.6,0,107,0.76,3.43,0.02,0,3.45,0.82,3.71,0.02,0,3.73
"249504",249504,"02/08-07-085-18W6/0",1855,"2006-01-01",14.3,0.7,127.2,0,13624.9,27121.2,115.3,0,127.9,0.46,4.1,0.02,0,4.13,0.47,4.17,0.02,0,4.19
"249505",249505,"02/08-07-085-18W6/0",1855,"2006-02-01",48.3,0.4,90.4,0,13673.2,27211.6,115.7,0,90.8,1.73,3.23,0.01,0,3.24,1.73,3.23,0.01,0,3.24
"249506",249506,"02/08-07-085-18W6/0",1855,"2006-03-01",86,0.5,79.3,0,13759.2,27290.9,116.2,0,79.8,2.77,2.56,0.02,0,2.57,2.82,2.6,0.02,0,2.62
"249507",249507,"02/08-07-085-18W6/0",1855,"2006-04-01",81.1,0.7,73.9,0,13840.3,27364.8,116.9,0,74.6,2.7,2.46,0.02,0,2.49,2.7,2.46,0.02,0,2.49
"249508",249508,"02/08-07-085-18W6/0",1855,"2006-05-01",77.9,0.4,73.7,0,13918.2,27438.5,117.3,0,74.1,2.51,2.38,0.01,0,2.39,2.57,2.43,0.01,0,2.45
"249509",249509,"02/08-07-085-18W6/0",1855,"2006-06-01",75,0.4,78.1,0,13993.2,27516.6,117.7,0,78.5,2.5,2.6,0.01,0,2.62,2.57,2.67,0.01,0,2.69
"249510",249510,"02/08-07-085-18W6/0",1855,"2006-07-01",80.5,0.2,67.8,0,14073.7,27584.4,117.9,0,68,2.6,2.19,0.01,0,2.19,2.6,2.19,0.01,0,2.19
"249511",249511,"02/08-07-085-18W6/0",1855,"2006-08-01",81.6,0.3,78.2,0,14155.3,27662.6,118.2,0,78.5,2.63,2.52,0.01,0,2.53,2.63,2.52,0.01,0,2.53
"249512",249512,"02/08-07-085-18W6/0",1855,"2006-09-01",73.2,0.5,73,0,14228.5,27735.6,118.7,0,73.5,2.44,2.43,0.02,0,2.45,2.44,2.43,0.02,0,2.45
"249513",249513,"02/08-07-085-18W6/0",1855,"2006-10-01",81.9,0.3,73,0,14310.4,27808.6,119,0,73.3,2.64,2.35,0.01,0,2.36,2.64,2.35,0.01,0,2.36
"249514",249514,"02/08-07-085-18W6/0",1855,"2006-11-01",34.6,0.3,79.9,0,14345,27888.5,119.3,0,80.2,1.15,2.66,0.01,0,2.67,1.15,2.66,0.01,0,2.67
"249515",249515,"02/08-07-085-18W6/0",1855,"2006-12-01",63.5,0.3,57.9,0,14408.5,27946.4,119.6,0,58.2,2.05,1.87,0.01,0,1.88,2.19,2,0.01,0,2.01
"249516",249516,"02/08-07-085-18W6/0",1855,"2007-01-01",69.5,0.1,60.2,0,14478,28006.6,119.7,0,60.3,2.24,1.94,0,0,1.95,2.42,2.1,0,0,2.1
"249517",249517,"02/08-07-085-18W6/0",1855,"2007-02-01",70.2,0.5,78.5,0,14548.2,28085.1,120.2,0,79,2.51,2.8,0.02,0,2.82,2.51,2.8,0.02,0,2.82
"249518",249518,"02/08-07-085-18W6/0",1855,"2007-03-01",57.2,0.4,68.1,0,14605.4,28153.2,120.6,0,68.5,1.85,2.2,0.01,0,2.21,1.85,2.2,0.01,0,2.21
"249519",249519,"02/08-07-085-18W6/0",1855,"2007-04-01",76.1,0.3,72.9,0,14681.5,28226.1,120.9,0,73.2,2.54,2.43,0.01,0,2.44,2.54,2.43,0.01,0,2.44
"249520",249520,"02/08-07-085-18W6/0",1855,"2007-05-01",78.6,0.5,76.6,0,14760.1,28302.7,121.4,0,77.1,2.54,2.47,0.02,0,2.49,2.54,2.47,0.02,0,2.49
"249521",249521,"02/08-07-085-18W6/0",1855,"2007-06-01",76.9,1.2,49.6,0,14837,28352.3,122.6,0,50.8,2.56,1.65,0.04,0,1.69,2.56,1.65,0.04,0,1.69
"249522",249522,"02/08-07-085-18W6/0",1855,"2007-07-01",78.2,0.6,72.1,0,14915.2,28424.4,123.2,0,72.7,2.52,2.33,0.02,0,2.35,2.52,2.33,0.02,0,2.35
"249523",249523,"02/08-07-085-18W6/0",1855,"2007-08-01",75.2,2.2,70.5,0,14990.4,28494.9,125.4,0,72.7,2.43,2.27,0.07,0,2.35,2.43,2.27,0.07,0,2.35
"249524",249524,"02/08-07-085-18W6/0",1855,"2007-09-01",76.1,1,73.2,0,15066.5,28568.1,126.4,0,74.2,2.54,2.44,0.03,0,2.47,2.54,2.44,0.03,0,2.47
"249525",249525,"02/08-07-085-18W6/0",1855,"2007-10-01",75.2,1.2,74.3,0,15141.7,28642.4,127.6,0,75.5,2.43,2.4,0.04,0,2.44,2.43,2.4,0.04,0,2.44
"249526",249526,"02/08-07-085-18W6/0",1855,"2007-11-01",71.2,0.8,69.1,0,15212.9,28711.5,128.4,0,69.9,2.37,2.3,0.03,0,2.33,2.37,2.3,0.03,0,2.33
"249527",249527,"02/08-07-085-18W6/0",1855,"2007-12-01",83.7,0.9,78.8,0,15296.6,28790.3,129.3,0,79.7,2.7,2.54,0.03,0,2.57,2.79,2.63,0.03,0,2.66
"249528",249528,"02/08-07-085-18W6/0",1855,"2008-01-01",69.1,0.8,66.3,0,15365.7,28856.6,130.1,0,67.1,2.23,2.14,0.03,0,2.16,2.53,2.43,0.03,0,2.46
"249529",249529,"02/08-07-085-18W6/0",1855,"2008-02-01",79.5,0.4,67,0,15445.2,28923.6,130.5,0,67.4,2.74,2.31,0.01,0,2.32,2.74,2.31,0.01,0,2.32
"249530",249530,"02/08-07-085-18W6/0",1855,"2008-03-01",81.4,0.9,76.7,0,15526.6,29000.3,131.4,0,77.6,2.63,2.47,0.03,0,2.5,2.63,2.47,0.03,0,2.5
"249531",249531,"02/08-07-085-18W6/0",1855,"2008-04-01",80.4,0,78.9,0,15607,29079.2,131.4,0,78.9,2.68,2.63,0,0,2.63,2.68,2.63,0,0,2.63
"249532",249532,"02/08-07-085-18W6/0",1855,"2008-05-01",85,0,72.9,0,15692,29152.1,131.4,0,72.9,2.74,2.35,0,0,2.35,2.74,2.35,0,0,2.35
"249533",249533,"02/08-07-085-18W6/0",1855,"2008-06-01",33.8,0.2,25.5,0,15725.8,29177.6,131.6,0,25.7,1.13,0.85,0.01,0,0.86,3.07,2.32,0.02,0,2.34
"249534",249534,"02/08-07-085-18W6/0",1855,"2008-07-01",62.6,0.1,51.4,0,15788.4,29229,131.7,0,51.5,2.02,1.66,0,0,1.66,2.85,2.34,0,0,2.34
"249535",249535,"02/08-07-085-18W6/0",1855,"2008-08-01",80,0.2,75,0,15868.4,29304,131.9,0,75.2,2.58,2.42,0.01,0,2.43,2.58,2.42,0.01,0,2.43
"249536",249536,"02/08-07-085-18W6/0",1855,"2008-09-01",39.4,0.2,46.2,0,15907.8,29350.2,132.1,0,46.4,1.31,1.54,0.01,0,1.55,1.31,1.54,0.01,0,1.55
"249537",249537,"02/08-07-085-18W6/0",1855,"2008-10-01",21.6,0.3,28.8,0,15929.4,29379,132.4,0,29.1,0.7,0.93,0.01,0,0.94,0.7,0.93,0.01,0,0.94
"249538",249538,"02/08-07-085-18W6/0",1855,"2008-11-01",53.8,0.4,72.5,0,15983.2,29451.5,132.8,0,72.9,1.79,2.42,0.01,0,2.43,1.79,2.42,0.01,0,2.43
"249539",249539,"02/08-07-085-18W6/0",1855,"2008-12-01",80.5,0.2,78.2,0,16063.7,29529.7,133,0,78.4,2.6,2.52,0.01,0,2.53,2.6,2.52,0.01,0,2.53
"249540",249540,"02/08-07-085-18W6/0",1855,"2009-01-01",73.5,0.1,53.9,0,16137.2,29583.6,133.1,0,54,2.37,1.74,0,0,1.74,2.72,2,0,0,2
"249541",249541,"02/08-07-085-18W6/0",1855,"2009-02-01",75.1,0.4,65.5,0,16212.3,29649.1,133.5,0,65.9,2.68,2.34,0.01,0,2.35,2.68,2.34,0.01,0,2.35
"249542",249542,"02/08-07-085-18W6/0",1855,"2009-03-01",86.2,0.2,81.1,0,16298.5,29730.2,133.7,0,81.3,2.78,2.62,0.01,0,2.62,2.78,2.62,0.01,0,2.62
"249543",249543,"02/08-07-085-18W6/0",1855,"2009-04-01",81,0.2,61.8,0,16379.5,29792,133.9,0,62,2.7,2.06,0.01,0,2.07,2.7,2.06,0.01,0,2.07
"249544",249544,"02/08-07-085-18W6/0",1855,"2009-05-01",77.7,0.7,67.1,0,16457.2,29859.1,134.6,0,67.8,2.51,2.16,0.02,0,2.19,2.51,2.16,0.02,0,2.19
"249545",249545,"02/08-07-085-18W6/0",1855,"2009-06-01",76.2,1.4,73.4,0,16533.4,29932.5,136,0,74.8,2.54,2.45,0.05,0,2.49,2.54,2.45,0.05,0,2.49
"249546",249546,"02/08-07-085-18W6/0",1855,"2009-07-01",88,2.6,77.1,0,16621.4,30009.6,138.6,0,79.7,2.84,2.49,0.08,0,2.57,2.84,2.49,0.08,0,2.57
"249547",249547,"02/08-07-085-18W6/0",1855,"2009-08-01",85.1,0.3,55,0,16706.5,30064.6,138.9,0,55.3,2.75,1.77,0.01,0,1.78,2.84,1.83,0.01,0,1.84
"249548",249548,"02/08-07-085-18W6/0",1855,"2009-09-01",78.5,0.3,46.8,0,16785,30111.4,139.2,0,47.1,2.62,1.56,0.01,0,1.57,2.63,1.57,0.01,0,1.58
"249549",249549,"02/08-07-085-18W6/0",1855,"2009-10-01",84.7,2.2,68.4,0,16869.7,30179.8,141.4,0,70.6,2.73,2.21,0.07,0,2.28,2.73,2.21,0.07,0,2.28
"249550",249550,"02/08-07-085-18W6/0",1855,"2009-11-01",84.7,1.2,75.6,0,16954.4,30255.4,142.6,0,76.8,2.82,2.52,0.04,0,2.56,2.82,2.52,0.04,0,2.56
"249551",249551,"02/08-07-085-18W6/0",1855,"2009-12-01",67.7,2.2,95.5,0,17022.1,30350.9,144.8,0,97.7,2.18,3.08,0.07,0,3.15,2.18,3.08,0.07,0,3.15
"249552",249552,"02/08-07-085-18W6/0",1855,"2010-01-01",87.3,2.2,104.8,0,17109.4,30455.7,147,0,107,2.82,3.38,0.07,0,3.45,2.82,3.38,0.07,0,3.45
"249553",249553,"02/08-07-085-18W6/0",1855,"2010-02-01",64.4,1.1,51.9,0,17173.8,30507.6,148.1,0,53,2.3,1.85,0.04,0,1.89,3.22,2.6,0.06,0,2.65
"249554",249554,"02/08-07-085-18W6/0",1855,"2010-03-01",89.8,0.5,49.6,0,17263.6,30557.2,148.6,0,50.1,2.9,1.6,0.02,0,1.62,2.97,1.64,0.02,0,1.66
"249555",249555,"02/08-07-085-18W6/0",1855,"2010-04-01",84.8,0.5,59.1,0,17348.4,30616.3,149.1,0,59.6,2.83,1.97,0.02,0,1.99,2.83,1.97,0.02,0,1.99
"249556",249556,"02/08-07-085-18W6/0",1855,"2010-05-01",86.3,0.5,70.1,0,17434.7,30686.4,149.6,0,70.6,2.78,2.26,0.02,0,2.28,2.78,2.26,0.02,0,2.28
"249557",249557,"02/08-07-085-18W6/0",1855,"2010-06-01",76.7,1.4,58.9,0,17511.4,30745.3,151,0,60.3,2.56,1.96,0.05,0,2.01,2.56,1.96,0.05,0,2.01
"249558",249558,"02/08-07-085-18W6/0",1855,"2010-07-01",105.4,1.3,54.6,0,17616.8,30799.9,152.3,0,55.9,3.4,1.76,0.04,0,1.8,4.05,2.1,0.05,0,2.15
"249559",249559,"02/08-07-085-18W6/0",1855,"2010-08-01",92.1,0.8,55.5,0,17708.9,30855.4,153.1,0,56.3,2.97,1.79,0.03,0,1.82,3.07,1.85,0.03,0,1.88
"249560",249560,"02/08-07-085-18W6/0",1855,"2010-09-01",63.5,0.7,34.5,0,17772.4,30889.9,153.8,0,35.2,2.12,1.15,0.02,0,1.17,2.62,1.43,0.03,0,1.45
"249561",249561,"02/08-07-085-18W6/0",1855,"2010-10-01",85.5,2.2,54.6,0,17857.9,30944.5,156,0,56.8,2.76,1.76,0.07,0,1.83,2.76,1.76,0.07,0,1.83
"249562",249562,"02/08-07-085-18W6/0",1855,"2010-11-01",86.5,2.9,58.7,0,17944.4,31003.2,158.9,0,61.6,2.88,1.96,0.1,0,2.05,2.88,1.96,0.1,0,2.05
"249563",249563,"02/08-07-085-18W6/0",1855,"2010-12-01",65,3.2,71.6,0,18009.4,31074.8,162.1,0,74.8,2.1,2.31,0.1,0,2.41,2.1,2.31,0.1,0,2.41
"249564",249564,"02/08-07-085-18W6/0",1855,"2011-01-01",65.1,1.6,58.9,0,18074.5,31133.7,163.7,0,60.5,2.1,1.9,0.05,0,1.95,2.15,1.94,0.05,0,2
"249565",249565,"02/08-07-085-18W6/0",1855,"2011-02-01",54,1.8,74.1,0,18128.5,31207.8,165.5,0,75.9,1.93,2.65,0.06,0,2.71,1.93,2.65,0.06,0,2.71
"249566",249566,"02/08-07-085-18W6/0",1855,"2011-03-01",79.3,2.3,75.3,0,18207.8,31283.1,167.8,0,77.6,2.56,2.43,0.07,0,2.5,2.56,2.43,0.07,0,2.5
"249567",249567,"02/08-07-085-18W6/0",1855,"2011-04-01",81,2.1,60.6,0,18288.8,31343.7,169.9,0,62.7,2.7,2.02,0.07,0,2.09,2.75,2.05,0.07,0,2.13
"249568",249568,"02/08-07-085-18W6/0",1855,"2011-05-01",82.3,1.2,72.9,0,18371.1,31416.6,171.1,0,74.1,2.65,2.35,0.04,0,2.39,2.65,2.35,0.04,0,2.39
"249569",249569,"02/08-07-085-18W6/0",1855,"2011-06-01",38.1,1.2,27.1,0,18409.2,31443.7,172.3,0,28.3,1.27,0.9,0.04,0,0.94,2.72,1.94,0.09,0,2.02
"249570",249570,"02/08-07-085-18W6/0",1855,"2011-07-01",76.5,2.2,59.2,0,18485.7,31502.9,174.5,0,61.4,2.47,1.91,0.07,0,1.98,3.08,2.39,0.09,0,2.48
"249571",249571,"02/08-07-085-18W6/0",1855,"2011-08-01",70.9,1,74.9,0,18556.6,31577.8,175.5,0,75.9,2.29,2.42,0.03,0,2.45,2.29,2.42,0.03,0,2.45
"249572",249572,"02/08-07-085-18W6/0",1855,"2011-09-01",79.9,0.4,65.4,0,18636.5,31643.2,175.9,0,65.8,2.66,2.18,0.01,0,2.19,2.66,2.18,0.01,0,2.19
"249573",249573,"02/08-07-085-18W6/0",1855,"2011-10-01",86.4,0.4,62.6,0,18722.9,31705.8,176.3,0,63,2.79,2.02,0.01,0,2.03,2.79,2.02,0.01,0,2.03
"249574",249574,"02/08-07-085-18W6/0",1855,"2011-11-01",72.1,0.7,73.5,0,18795,31779.3,177,0,74.2,2.4,2.45,0.02,0,2.47,2.4,2.45,0.02,0,2.47
"249575",249575,"02/08-07-085-18W6/0",1855,"2011-12-01",22.5,10.6,65.9,0,18817.5,31845.2,187.6,0,76.5,0.73,2.13,0.34,0,2.47,0.73,2.13,0.34,0,2.47
"249576",249576,"02/08-07-085-18W6/0",1855,"2012-01-01",75.8,1.2,71.3,0,18893.3,31916.5,188.8,0,72.5,2.45,2.3,0.04,0,2.34,2.45,2.3,0.04,0,2.34
"249577",249577,"02/08-07-085-18W6/0",1855,"2012-02-01",68,1.1,53.1,0,18961.3,31969.6,189.9,0,54.2,2.34,1.83,0.04,0,1.87,2.55,1.99,0.04,0,2.03
"249578",249578,"02/08-07-085-18W6/0",1855,"2012-03-01",85.3,1.4,62.7,0,19046.6,32032.3,191.3,0,64.1,2.75,2.02,0.05,0,2.07,2.75,2.02,0.05,0,2.07
"249579",249579,"02/08-07-085-18W6/0",1855,"2012-04-01",79.5,1.4,68.3,0,19126.1,32100.6,192.7,0,69.7,2.65,2.28,0.05,0,2.32,2.65,2.28,0.05,0,2.32
"249580",249580,"02/08-07-085-18W6/0",1855,"2012-05-01",82.3,1.5,68.3,0,19208.4,32168.9,194.2,0,69.8,2.65,2.2,0.05,0,2.25,2.65,2.2,0.05,0,2.25
"249581",249581,"02/08-07-085-18W6/0",1855,"2012-06-01",74.3,1.4,71,0,19282.7,32239.9,195.6,0,72.4,2.48,2.37,0.05,0,2.41,2.48,2.37,0.05,0,2.41
"249582",249582,"02/08-07-085-18W6/0",1855,"2012-07-01",102.4,0.9,64.6,0,19385.1,32304.5,196.5,0,65.5,3.3,2.08,0.03,0,2.11,3.3,2.08,0.03,0,2.11
"249583",249583,"02/08-07-085-18W6/0",1855,"2012-08-01",80.6,1.1,66.2,0,19465.7,32370.7,197.6,0,67.3,2.6,2.14,0.04,0,2.17,2.69,2.21,0.04,0,2.24
"249584",249584,"02/08-07-085-18W6/0",1855,"2012-09-01",73.6,40.9,25.8,0,19539.3,32396.5,238.5,0,66.7,2.45,0.86,1.36,0,2.22,2.49,0.87,1.38,0,2.25
"249585",249585,"02/08-07-085-18W6/0",1855,"2012-10-01",63.3,30.2,23.9,0,19602.6,32420.4,268.7,0,54.1,2.04,0.77,0.97,0,1.75,2.72,1.03,1.3,0,2.32
"249586",249586,"02/08-07-085-18W6/0",1855,"2012-11-01",71.6,0.9,66.9,0,19674.2,32487.3,269.6,0,67.8,2.39,2.23,0.03,0,2.26,2.39,2.24,0.03,0,2.27
"249587",249587,"02/08-07-085-18W6/0",1855,"2012-12-01",43.4,0.5,55.2,0,19717.6,32542.5,270.1,0,55.7,1.4,1.78,0.02,0,1.8,1.4,1.78,0.02,0,1.8
"249588",249588,"02/08-07-085-18W6/0",1855,"2013-01-01",40,0,32.8,0,19757.6,32575.3,270.1,0,32.8,1.29,1.06,0,0,1.06,1.75,1.43,0,0,1.43
"249589",249589,"02/08-07-085-18W6/0",1855,"2013-02-01",66.4,0.4,49.9,0,19824,32625.2,270.5,0,50.3,2.37,1.78,0.01,0,1.8,2.37,1.78,0.01,0,1.8
"249590",249590,"02/08-07-085-18W6/0",1855,"2013-03-01",79,0.9,62.7,0,19903,32687.9,271.4,0,63.6,2.55,2.02,0.03,0,2.05,2.55,2.02,0.03,0,2.05
"249591",249591,"02/08-07-085-18W6/0",1855,"2013-04-01",75,0.8,48.1,0,19978,32736,272.2,0,48.9,2.5,1.6,0.03,0,1.63,2.54,1.63,0.03,0,1.66
"249592",249592,"02/08-07-085-18W6/0",1855,"2013-05-01",89.4,0.6,59.2,0,20067.4,32795.2,272.8,0,59.8,2.88,1.91,0.02,0,1.93,2.88,1.91,0.02,0,1.93
"249593",249593,"02/08-07-085-18W6/0",1855,"2013-06-01",84.2,0.6,55.6,0,20151.6,32850.8,273.4,0,56.2,2.81,1.85,0.02,0,1.87,2.81,1.85,0.02,0,1.87
"249594",249594,"02/08-07-085-18W6/0",1855,"2013-07-01",82.5,0.6,56.6,0,20234.1,32907.4,274,0,57.2,2.66,1.83,0.02,0,1.85,2.66,1.83,0.02,0,1.85
"249595",249595,"02/08-07-085-18W6/0",1855,"2013-08-01",76.6,0.8,61.9,0,20310.7,32969.3,274.8,0,62.7,2.47,2,0.03,0,2.02,2.69,2.17,0.03,0,2.2
"249596",249596,"02/08-07-085-18W6/0",1855,"2013-09-01",75.7,1.4,80.5,0,20386.4,33049.8,276.2,0,81.9,2.52,2.68,0.05,0,2.73,2.52,2.68,0.05,0,2.73
"249597",249597,"02/08-07-085-18W6/0",1855,"2013-10-01",47.8,1.8,61.5,0,20434.2,33111.3,278,0,63.3,1.54,1.98,0.06,0,2.04,1.65,2.12,0.06,0,2.18
"249598",249598,"02/08-07-085-18W6/0",1855,"2013-11-01",69,1.2,48,0,20503.2,33159.3,279.2,0,49.2,2.3,1.6,0.04,0,1.64,2.42,1.68,0.04,0,1.73
"249599",249599,"02/08-07-085-18W6/0",1855,"2013-12-01",71.2,1.1,52.9,0,20574.4,33212.2,280.3,0,54,2.3,1.71,0.04,0,1.74,2.3,1.71,0.04,0,1.74
"249600",249600,"02/08-07-085-18W6/0",1855,"2014-01-01",73.5,1.3,48.9,0,20647.9,33261.1,281.6,0,50.2,2.37,1.58,0.04,0,1.62,2.37,1.58,0.04,0,1.62
"249601",249601,"02/08-07-085-18W6/0",1855,"2014-02-01",57.4,1.1,43.9,0,20705.3,33305,282.7,0,45,2.05,1.57,0.04,0,1.61,2.21,1.69,0.04,0,1.73
"249602",249602,"02/08-07-085-18W6/0",1855,"2014-03-01",66.8,1.4,46.3,0,20772.1,33351.3,284.1,0,47.7,2.15,1.49,0.05,0,1.54,2.28,1.58,0.05,0,1.63
"249603",249603,"02/08-07-085-18W6/0",1855,"2014-04-01",69.5,1.4,52.5,0,20841.6,33403.8,285.5,0,53.9,2.32,1.75,0.05,0,1.8,2.32,1.75,0.05,0,1.8
"249604",249604,"02/08-07-085-18W6/0",1855,"2014-05-01",74.9,1.1,59.3,0,20916.5,33463.1,286.6,0,60.4,2.42,1.91,0.04,0,1.95,2.42,1.91,0.04,0,1.95
"249605",249605,"02/08-07-085-18W6/0",1855,"2014-06-01",73.1,0.7,52,0,20989.6,33515.1,287.3,0,52.7,2.44,1.73,0.02,0,1.76,2.49,1.77,0.02,0,1.79
"249606",249606,"02/08-07-085-18W6/0",1855,"2014-07-01",71.6,1.1,50.6,0,21061.2,33565.7,288.4,0,51.7,2.31,1.63,0.04,0,1.67,2.36,1.67,0.04,0,1.71
"249607",249607,"02/08-07-085-18W6/0",1855,"2014-08-01",77.4,0.7,53.6,0,21138.6,33619.3,289.1,0,54.3,2.5,1.73,0.02,0,1.75,2.57,1.78,0.02,0,1.8
"249608",249608,"02/08-07-085-18W6/0",1855,"2014-09-01",66.5,0.7,44.5,0,21205.1,33663.8,289.8,0,45.2,2.22,1.48,0.02,0,1.51,2.53,1.69,0.03,0,1.72
"249609",249609,"02/08-07-085-18W6/0",1855,"2014-10-01",77,0.7,50.8,0,21282.1,33714.6,290.5,0,51.5,2.48,1.64,0.02,0,1.66,2.48,1.64,0.02,0,1.66
"249610",249610,"02/08-07-085-18W6/0",1855,"2014-11-01",70.1,0.3,50.7,0,21352.2,33765.3,290.8,0,51,2.34,1.69,0.01,0,1.7,2.45,1.77,0.01,0,1.78
"249611",249611,"02/08-07-085-18W6/0",1855,"2014-12-01",72.7,1,51,0,21424.9,33816.3,291.8,0,52,2.35,1.65,0.03,0,1.68,2.36,1.66,0.03,0,1.69
"249612",249612,"02/08-07-085-18W6/0",1855,"2015-01-01",61.3,1.2,50.8,0,21486.2,33867.1,293,0,52,1.98,1.64,0.04,0,1.68,2.27,1.88,0.04,0,1.93
"249613",249613,"02/08-07-085-18W6/0",1855,"2015-02-01",54.9,1,49.7,0,21541.1,33916.8,294,0,50.7,1.96,1.78,0.04,0,1.81,2.07,1.88,0.04,0,1.91
"249614",249614,"02/08-07-085-18W6/0",1855,"2015-03-01",56.7,1.2,49.5,0,21597.8,33966.3,295.2,0,50.7,1.83,1.6,0.04,0,1.64,2.11,1.84,0.04,0,1.88
"249615",249615,"02/08-07-085-18W6/0",1855,"2015-04-01",70.8,1.8,54.8,0,21668.6,34021.1,297,0,56.6,2.36,1.83,0.06,0,1.89,2.36,1.83,0.06,0,1.89
"249616",249616,"02/08-07-085-18W6/0",1855,"2015-05-01",65.3,1.8,51.8,0,21733.9,34072.9,298.8,0,53.6,2.11,1.67,0.06,0,1.73,2.17,1.72,0.06,0,1.78
"249617",249617,"02/08-07-085-18W6/0",1855,"2015-06-01",8.3,0.5,7.7,0,21742.2,34080.6,299.3,0,8.2,0.28,0.26,0.02,0,0.27,1.93,1.79,0.12,0,1.91
"249618",249618,"02/08-07-085-18W6/0",1855,"2015-07-01",56.1,2.2,43.8,0,21798.3,34124.4,301.5,0,46,1.81,1.41,0.07,0,1.48,2.02,1.58,0.08,0,1.65
"249619",249619,"02/08-07-085-18W6/0",1855,"2015-08-01",67.1,2.1,53.3,0,21865.4,34177.7,303.6,0,55.4,2.16,1.72,0.07,0,1.79,2.21,1.76,0.07,0,1.83
"249620",249620,"02/08-07-085-18W6/0",1855,"2015-09-01",58.6,1.9,54.4,0,21924,34232.1,305.5,0,56.3,1.95,1.81,0.06,0,1.88,2.02,1.88,0.07,0,1.94
"249621",249621,"02/08-07-085-18W6/0",1855,"2015-10-01",86.4,0.9,59.8,0,22010.4,34291.9,306.4,0,60.7,2.79,1.93,0.03,0,1.96,2.79,1.93,0.03,0,1.96
"249622",249622,"02/08-07-085-18W6/0",1855,"2015-11-01",68.7,0.9,34.5,0,22079.1,34326.4,307.3,0,35.4,2.29,1.15,0.03,0,1.18,2.45,1.23,0.03,0,1.26
"249623",249623,"02/08-07-085-18W6/0",1855,"2015-12-01",2.4,1.2,27.9,0,22081.5,34354.3,308.5,0,29.1,0.08,0.9,0.04,0,0.94,0.18,2.15,0.09,0,2.24
"249624",249624,"02/08-07-085-18W6/0",1855,"2016-01-01",35.9,2.6,50.7,0,22117.4,34405,311.1,0,53.3,1.16,1.64,0.08,0,1.72,1.33,1.88,0.1,0,1.97
"249625",249625,"02/08-07-085-18W6/0",1855,"2016-02-01",55.9,0.9,48.2,0,22173.3,34453.2,312,0,49.1,1.93,1.66,0.03,0,1.69,1.93,1.66,0.03,0,1.69
"249626",249626,"02/08-07-085-18W6/0",1855,"2016-03-01",83,0.8,49.8,0,22256.3,34503,312.8,0,50.6,2.68,1.61,0.03,0,1.63,2.68,1.61,0.03,0,1.63
"249627",249627,"02/08-07-085-18W6/0",1855,"2016-04-01",89.3,21.6,78.1,0,22345.6,34581.1,334.4,0,99.7,2.98,2.6,0.72,0,3.32,3.1,2.71,0.75,0,3.46
"249628",249628,"02/08-07-085-18W6/0",1855,"2016-05-01",65.8,79.9,14,0,22411.4,34595.1,414.3,0,93.9,2.12,0.45,2.58,0,3.03,2.12,0.45,2.58,0,3.03
"249629",249629,"02/08-07-085-18W6/0",1855,"2016-06-01",64.3,56,10.3,0,22475.7,34605.4,470.3,0,66.3,2.14,0.34,1.87,0,2.21,2.14,0.34,1.87,0,2.21
"249630",249630,"02/08-07-085-18W6/0",1855,"2016-07-01",58.9,6.6,31.3,0,22534.6,34636.7,476.9,0,37.9,1.9,1.01,0.21,0,1.22,1.9,1.01,0.21,0,1.22
"249631",249631,"02/08-07-085-18W6/0",1855,"2016-08-01",24.4,0.5,13.1,0,22559,34649.8,477.4,0,13.6,0.79,0.42,0.02,0,0.44,0.96,0.52,0.02,0,0.54
"249632",249632,"02/08-07-085-18W6/0",1855,"2016-09-01",51,1.7,36.2,0,22610,34686,479.1,0,37.9,1.7,1.21,0.06,0,1.26,1.73,1.23,0.06,0,1.29
"249633",249633,"02/08-07-085-18W6/0",1855,"2016-10-01",70.9,0.2,16.1,0,22680.9,34702.1,479.3,0,16.3,2.29,0.52,0.01,0,0.53,2.29,0.52,0.01,0,0.53
"249634",249634,"02/08-07-085-18W6/0",1855,"2016-11-01",69.6,0,6.5,0,22750.5,34708.6,479.3,0,6.5,2.32,0.22,0,0,0.22,2.32,0.22,0,0,0.22
"249635",249635,"02/08-07-085-18W6/0",1855,"2016-12-01",45.3,0.5,34.8,0,22795.8,34743.4,479.8,0,35.3,1.46,1.12,0.02,0,1.14,1.46,1.12,0.02,0,1.14
"249636",249636,"02/08-07-085-18W6/0",1855,"2017-01-01",55.4,0.5,38.4,0,22851.2,34781.8,480.3,0,38.9,1.79,1.24,0.02,0,1.25,1.79,1.24,0.02,0,1.25
"249637",249637,"02/08-07-085-18W6/0",1855,"2017-02-01",59.2,1.1,30.1,0,22910.4,34811.9,481.4,0,31.2,2.11,1.08,0.04,0,1.11,2.19,1.11,0.04,0,1.16
"249638",249638,"02/08-07-085-18W6/0",1855,"2017-03-01",64.7,1.6,28.9,0,22975.1,34840.8,483,0,30.5,2.09,0.93,0.05,0,0.98,2.19,0.98,0.05,0,1.03
"249639",249639,"02/08-07-085-18W6/0",1855,"2017-04-01",71.1,1,26.8,0,23046.2,34867.6,484,0,27.8,2.37,0.89,0.03,0,0.93,2.39,0.9,0.03,0,0.93
"249640",249640,"02/08-07-085-18W6/0",1855,"2017-05-01",17.7,0.6,9.1,0,23063.9,34876.7,484.6,0,9.7,0.57,0.29,0.02,0,0.31,2.46,1.26,0.08,0,1.35
"249641",249641,"02/08-07-085-18W6/0",1855,"2017-08-01",47.2,1.3,30.1,0,23111.1,34906.8,485.9,0,31.4,1.52,0.97,0.04,0,1.01,2.15,1.37,0.06,0,1.43
"249642",249642,"02/08-07-085-18W6/0",1855,"2017-09-01",60.1,1.7,44.3,0,23171.2,34951.1,487.6,0,46,2,1.48,0.06,0,1.53,2,1.48,0.06,0,1.53
"249643",249643,"02/08-07-085-18W6/0",1855,"2017-10-01",61.6,0.9,44,0,23232.8,34995.1,488.5,0,44.9,1.99,1.42,0.03,0,1.45,2.11,1.51,0.03,0,1.54
"249644",249644,"02/08-07-085-18W6/0",1855,"2017-11-01",25.8,0.3,13,0,23258.6,35008.1,488.8,0,13.3,0.86,0.43,0.01,0,0.44,2.24,1.13,0.03,0,1.16
"249645",249645,"02/08-07-085-18W6/0",1855,"2018-03-01",13.6,0.2,8.5,0,23272.2,35016.6,489,0,8.7,0.44,0.27,0.01,0,0.28,1.94,1.21,0.03,0,1.24
"249646",249646,"02/08-07-085-18W6/0",1855,"2018-04-01",15.6,0.3,10.4,0,23287.8,35027,489.3,0,10.7,0.52,0.35,0.01,0,0.36,2.08,1.39,0.04,0,1.43
"249647",249647,"02/08-07-085-18W6/0",1855,"2018-05-01",59.3,0.5,40.3,0,23347.1,35067.3,489.8,0,40.8,1.91,1.3,0.02,0,1.32,2.78,1.89,0.02,0,1.92
